Workbook

Sheet CONSOLIDADO
A1: CUERPO DE BOMBEROS VOLUNTARIOS, LA UNIÓN, VALLE DEL CAUCA REPORTE DE EMERGENCIAS
A2: DURANTE EL MES DE AGOSTO DEL 2026
A3: EMERGENCIAS | B3: CANTIDAD | C3: % INCIDENCIA
A4: CAÍDA / CORTES DE ARBOL | B4: =COUNTIF(DATOS!$B:$B,CONSOLIDADO!$A$4:$A$26) -> 1 | C4: =B4/$B$27 -> 0.0028169014
A5: CONTROL DE ABEJAS | B5: =COUNTIF(DATOS!$B:$B,CONSOLIDADO!$A$4:$A$26) -> 2 | C5: =B5/$B$27 -> 0.0056338028
A6: CONTROL DE AVISPAS | B6: =COUNTIF(DATOS!$B:$B,CONSOLIDADO!$A$4:$A$26) -> 1 | C6: =B6/$B$27 -> 0.0028169014
A7: CAÍDA DE CUERDAS | B7: =COUNTIF(DATOS!$B:$B,CONSOLIDADO!$A$4:$A$26) -> 3 | C7: =B7/$B$27 -> 0.0084507042
A8: CORTO CIRCUITO | B8: =COUNTIF(DATOS!$B:$B,CONSOLIDADO!$A$4:$A$26) -> 3 | C8: =B8/$B$27 -> 0.0084507042
A9: COLAPSO DE ESTRUCTURAS | B9: =COUNTIF(DATOS!$B:$B,CONSOLIDADO!$A$4:$A$26) -> 2 | C9: =B9/$B$27 -> 0.0056338028
A10: CAPACITACIONES | B10: =COUNTIF(DATOS!$B:$B,CONSOLIDADO!$A$4:$A$26) -> 0 | C10: =B10/$B$27 -> 0
A11: EXTRICACIÓN VEHICULAR | B11: =COUNTIF(DATOS!$B:$B,CONSOLIDADO!$A$4:$A$26) -> 0 | C11: =B11/$B$27 -> 0
A12: FUGA DE GAS NATURAL | B12: =COUNTIF(DATOS!$B:$B,CONSOLIDADO!$A$4:$A$26) -> 4 | C12: =B12/$B$27 -> 0.011267606
A13: FUGA DE GAS GLP | B13: =COUNTIF(DATOS!$B:$B,CONSOLIDADO!$A$4:$A$26) -> 0 | C13: =B13/$B$27 -> 0
A14: INCENDIO FORESTAL | B14: =COUNTIF(DATOS!$B:$B,CONSOLIDADO!$A$4:$A$26) -> 7 | C14: =B14/$B$27 -> 0.01971831
A15: INCENDIO ESTRUCTURAL | B15: =COUNTIF(DATOS!$B:$B,CONSOLIDADO!$A$4:$A$26) -> 1 | C15: =B15/$B$27 -> 0.0028169014
... A26: VISITAS DE SEGURIDAD | B26: =COUNTIF(DATOS!$B:$B,CONSOLIDADO!$A$4:$A$26) -> 0 | C26: =B26/$B$27 -> 0
A27: TOTAL | B27: =SUM(B3:B26) -> 355 | C27: =B27/$B$27 -> 1

Sheet DATOS
A1: TIPO DE INCIDENTE | B1: INCIDENTES Y ACTIVIDADES | C1: CANTIDAD DE | D1: DÍA DEL EVENTO | E1: DURACIÓN DEL EVENTO | F1: DIRECCIÓN O LUGAR DE REFERENCIA | G1: BARRIO CORREGIMIENTO O VEREDA | H1: DESCRIPCIÓN DEL EVENTO | I1: AREA AFECTADA (SOLO SI APLICA) | J1: N° DE UNIDADES QUE ASISTIERON | K1: VEHÍCULO | L1: COORDENADAS | Q1: BUSCAR | R1: CAÍDA / CORTES DE ARBOL | S1: CONTROL DE ABEJAS | T1: CONTROL DE AVISPAS | U1: CAÍDA DE CUERDAS | V1: CORTO CIRCUITO | W1: COLAPSO DE ESTRUCTURAS | X1: CAPACITACIONES | Y1: EXTRICACIÓN VEHICULAR | Z1: FUGA DE GAS NATURAL | AA1: FUGA DE GAS GLP | AB1: INCENDIO FORESTAL | AC1: INCENDIO ESTRUCTURAL | AD1: INCENDIO VEHICULAR | AE1: INUNDACIÓN | AF1: LABORES DE PREVENCION O ACOMPAÑAMIENTO EN GESTION DEL RIESGO | AG1: MATERIALES PELIGROSOS / DERRAMES | AH1: PRIMEROS AUXILIOS | AI1: RESCATE DE PERSONA / PARAPENTE | AJ1: RESCATE DE ANIMAL | AK1: REUNIÓN EN LA ALCALDÍA | AL1: REUNIONES DE SERVICIO SOCIAL | AM1: SUMINISTROS DE AGUA | AN1: VISITAS DE SEGURIDAD
C2: RESCATE DE ANIMAL
A3: AGOSTO
A4: OTROS | B4: PRIMEROS AUXILIOS | C4: =COUNTIF(B4:B358,C2) -> 2 | D4: 46236 | E4: 1 HORA Y 40 MINUTOS | F4: EN LA ENTRADA A CORSEGA | G4: N/A | H4: N/A | I4: N/A | J4: 3 | K4: B-2 | L4: N/A
A5: INCENDIOS | B5: INCENDIO VEHICULAR | D5: 46236 | E5: 41 MINUTOS | F5: VÍA LA UNIÓN - LA VICTORIA CERCA A ASORUT | H5: AGENTES DE TRANSITO REPORTAR EL INCENDIO DE UN VEHÍCULO TIPO MOTOCICLETA, SALEN 3 UNIDADES PARA HACER LIQUIDACI{ON DEL FUEGO E INFRIAMENTO DEL PERÍMETRO AFECTADO. | I5: N/A | J5: 3 | K5: B-4 | L5: N/A
A6: INCENDIOS | B6: INCENDIO FORESTAL | D6: 46236 | E6: 1 HORA | F6: LAS BRISAS | G6: LAS BRISAS | H6: QUEMAS DE UNAS TABLAS DE MADERA POR UN DESCONOCIDO | I6: 10 MTS | J6: 2 | K6: B-2 | L6: N/A
A7: INCENDIOS | B7: CORTO CIRCUITO | D7: 46240 | E7: 1 HORA | F7: CLL 13 CON CR 14 | G7: CENTRO | H7: INFORMAN DE UNA EXPLOSION EN LA CAJA DE CABLEADO ELECTRICO | I7: . | J7: 4 | K7: B-2 | L7: .
A8: OTROS | B8: CONTROL DE ABEJAS | D8: 46240 | E8: 1 HORA | F8: SAN LUIS | G8: SAN LUIS | H8: INFORMAN DE UN ATAQUE DE ABEJAS CON UNA PERSONA LESIONADA | I8: . | J8: 3 | K8: B-3 | L8: .
A9: INCENDIOS | B9: CAÍDA DE CUERDAS | D9: 46240 | E9: 45 MNTOS | F9: TRANSV 13 VIA A LAS CINTAS | G9: LAS PALMAS | H9: CABLE ELECTRICO QUE CAE, PRODUCIENDO CHISPAS E INICIANDO UN INCENDIO EN PASTIZAL | I9: 50 M/2 APROXI | J9: 4 | K9: B-2 | L9: *
A10: INCENDIOS | B10: INCENDIO FORESTAL | D10: 46242 | E10: 2.30 HORAS | F10: LINDEROS FINCA GALLINERO | G10: LA ISLA | H10: INCENDIO DE COVERTURA VEGETAL PASTO Y MALEZA, QUEMA SALTEADA POR SECTORES | I10: 4 HECTAREAS APROX | J10: 5 | K10: B-4, OTROS | L10: 30.32 N 4;76 W
A11: INCENDIOS | B11: INCENDIO FORESTAL | D11: 46244 | E11: 1 HORA | F11: VEREDA LA ISLA | G11: LA ISLA | H11: INFORMAN DE UNA QUEMA EN ZONA VEJETAL | I11: .100MTR 2 | J11: 6 | K11: B-2, L-1 | L11: .
A12: INCENDIOS | B12: CORTO CIRCUITO | D12: 46244 | E12: 1 HORA | F12: CORCEGA | G12: COCEGA | H12: INFORMAN DE UN CORTI CIRCUITO EN LA CAJA DE CABLES ELECTRICOS QUE ESTAN CERCA DE ARBOLES Y PUEDE INICIAR CON UN INCENDIO | I12: . | J12: 7 | K12: B-4, L-1 | L12: .
A13: MATERIALES PELIGROSOS | B13: FUGA DE GAS NATURAL | D13: 46244 | E13: 1 HORA | F13: CR 15 CON CL 19 ESQUINA | G13: LA CRUZ | H13: INFORMAN DE UN FUERTE OLOR A GAS | I13: . | J13: 2 | K13: B-4 | L13: .
A14: OTROS | B14: LABORES DE PREVENCION O ACOMPAÑAMIENTO EN GESTION DEL RIESGO | D14: 46244 | E14: 1 HORA | F14: CR 16 19 91 | G14: SAN PEDRO | H14: INFORMAN DE UNA EDIFICACION QUE EMITE RUIDOS Y ESTA CON GRAN RIESGO DE COLAPSO | I14: . | J14: 2 | K14: L-2 | L14: .
A15: RESCATES, BUSQUEDA Y RESCATE, OTROS | B15: COLAPSO DE ESTRUCTURAS | D15: 46244 | E15: 12 HORAS | F15: ZONA URBANA DE LA UNION VALLE | H15: VERIFICACION DE DAÑOS Y/O BUSQUEDA Y RESCATE DE PERSONAS POR TERREMOTO | I15: N/A | J15: 33 | K15: B-2, B-3, B-4, L-1, L-2, L-3, OTROS | L15: N/A
A16: OTROS | B16: COLAPSO DE ESTRUCTURAS | D16: 46244 | E16: 1 HORA | F16: CR 16 19 100 | G16: SAN PEDRO | H16: EVALUACION DE AFECTACION A LA ESTRUCTURA | I16: . | J16: 4 | K16: L-1 | L16: .
A17: OTROS | B17: LABORES DE PREVENCION O ACOMPAÑAMIENTO EN GESTION DEL RIESGO | D17: 46244 | E17: 30 MINUTOS | F17: CRA 19 C #19-04 | G17: LA HABANA - URBANIZACION CAMINOS | H17: ANDRES FELIPE DIEZ, C.C: 1112630292, CEL: 3125190481. VIVIENDA DE DOS PISOS CON DAÑOS ESTRUCTURALES | I17: N/A | J17: 8 | K17: B-3 | L17: N/A
A18: OTROS | B18: LABORES DE PREVENCION O ACOMPAÑAMIENTO EN GESTION DEL RIESGO | D18: 46244 | E18: 30 MINUTOS | F18: CRA 19 D # 19-63 | G18: URBANIZACION CAMINOS | H18: GILDARDO RENGIFO, C.C: 18513953, CEL: 3217018236. VIVIENDA CON COLAPSO DE TECHO | I18: N/A | J18: 8 | K18: B-3 | L18: N/A
A19: OTROS | B19: LABORES DE PREVENCION O ACOMPAÑAMIENTO EN GESTION DEL RIESGO | D19: 46244 | E19: 30 MINUTOS | F19: CRA 19 D #19-09 | G19: URBANIZACION CAMINOS | H19: RUBIELA PEREZ, C.C: 29613954, CEL: 3128240451-3185385634. SEPARACION DE LA CUBIERTA DEL TECHO | J19: 8 | K19: B-3
A20: OTROS | B20: LABORES DE PREVENCION O ACOMPAÑAMIENTO EN GESTION DEL RIESGO | D20: 46244 | E20: 30 MINUTOS | F20: CRA 19 D #19-15 | H20: EDILMA FLORES, C.C: 38892573, CEL: 3148960797. AFECTACION EN LA CUBIERTA DEL TECHO Y PAREDES AGRIETADAS | J20: 8 | K20: B-3
A21: OTROS | B21: LABORES DE PREVENCION O ACOMPAÑAMIENTO EN GESTION DEL RIESGO | D21: 46244 | E21: 30 MINUTOS | F21: CRA 19 C # 19-10 | G21: URBANIZACION CAMINOS | H21: DANIELA CORREA, C.C: 11126311863, CEL: 3178583900. VIVIENDA CON PAREDES AGRIETADAS | J21: 8 | K21: B-3
A22: OTROS | B22: LABORES DE PREVENCION O ACOMPAÑAMIENTO EN GESTION DEL RIESGO | D22: 46244 | E22: 30 MINUTOS | F22: CRA 15 # 22-02 | G22: SAN PEDRO | H22: CRISTINA VELEZ, C.C 66750742, CEL: 3102160599. CAIDA TOTAL DE EDIFICACION | J22: 8 | K22: B-3
A23: OTROS | B23: LABORES DE PREVENCION O ACOMPAÑAMIENTO EN GESTION DEL RIESGO | D23: 46244 | E23: 30 MINUTOS | F23: CRA 20 # 19-04 | G23: URBANIZACION CAMINOS | H23: MARCO AURELIO RAMIREZ, C.C 15599667, CEL: 3177575131. DILATACION DE PAREDES Y TECHO | J23: 8 | K23: B-3
A24: OTROS | B24: LABORES DE PREVENCION O ACOMPAÑAMIENTO EN GESTION DEL RIESGO | D24: 46244 | E24: 30 MINUTOS | F24: CRA 20 # 19-22 | G24: URBANIZACION CAMINOS | H24: LUIS GONZAGA LOPEZ, C.C: 1112619461, CEL: 3151924116. DILATACION DE PAREDES Y VIGAS DEL SEGUNDO PISO AGRIETADAS | J24: 8 | K24: B-3
A25: OTROS | B25: LABORES DE PREVENCION O ACOMPAÑAMIENTO EN GESTION DEL RIESGO | D25: 46244 | E25: 30 MINUTOS | F25: CRA 20 #19-64 | G25: URBANIZACION CAMINOS | H25: LEIDY CARDONA GAÑAN, C.C: 1000364885, CEL: 3173213134. CAIDA CONSIDERABLE DE TEJA DE BARRO EN TECHO | J25: 8 | K25: B-3
A26: OTROS | B26: LABORES DE PREVENCION O ACOMPAÑAMIENTO EN GESTION DEL RIESGO | D26: 46244 | E26: 30 MINUTOS | F26: CRA 20 # 18-241 | G26: URBANIZACION CAMINOS | H26: ALEIDA RIVERA GUERRERO, C.C 41895449, CEL: 3217769241. DAÑO EN TECHO Y PAREDES AGRIETADAS | J26: 8 | K26: B-3
A27: OTROS | B27: LABORES DE PREVENCION O ACOMPAÑAMIENTO EN GESTION DEL RIESGO | D27: 46244 | E27: 30 MINUTOS | F27: CRA 16 #19-20 | G27: SAN PEDRO | H27: CRISTIAN CAMILO GALVIS, C.C 1112629109, CEL: 3215905304. COLAPSO DE TECHO Y PAREDES | J27: 8 | K27: B-3
A28: OTROS | B28: LABORES DE PREVENCION O ACOMPAÑAMIENTO EN GESTION DEL RIESGO | D28: 46244 | E28: 30 MINUTOS | F28: CRA 16 # 19-44 | G28: SAN PEDRO | H28: VIRGELINA RUBIO, C.C 66751468, CEL: 3163240509. DAÑOS ESTRUCTURALES | J28: 8 | K28: B-3
A29: OTROS | B29: LABORES DE PREVENCION O ACOMPAÑAMIENTO EN GESTION DEL RIESGO | D29: 46244 | E29: 30 MINUTOS | F29: CRA 16#19-66 | G29: SAN PEDRO | H29: JAIRO GALEANO, C.C: 94450938, CEL: 3104732455. UNAS PAREDES AGRIETADAS Y OTRAS COLAPSADAS | J29: 8 | K29: B-3
A30: OTROS | B30: LABORES DE PREVENCION O ACOMPAÑAMIENTO EN GESTION DEL RIESGO | D30: 46244 | E30: 30 MINUTOS | F30: CRA 16 #19-66 | G30: SAN PEDRO | H30: LEONIDAS CABALLERO, C.C: 6356187, CEL: 3172559929. DAÑOS ESTRUCTULARES | J30: 8 | K30: B-3
A31: OTROS | B31: LABORES DE PREVENCION O ACOMPAÑAMIENTO EN GESTION DEL RIESGO | D31: 46244 | E31: 30 MINUTOS | F31: CRA 16#19-82 | G31: SAN PEDRO | H31: LUZ ENAY TORO VALENCIA, C.C:66752243, CEL: 3103867057. DAÑO EN TECHO, PAREDES Y COLUMNAS AGRIETADAS | J31: 8 | K31: B-3
A32: OTROS | B32: LABORES DE PREVENCION O ACOMPAÑAMIENTO EN GESTION DEL RIESGO | D32: 46244 | E32: 30 MINUTOS | F32: CRA 16 # 19-100 | G32: SAN PADRO | H32: EDIFICIO DE TRES PISOS CON FALLAS ESTRUCTURALES, INHABITABLE | J32: 8 | K32: B-3
... A108: OTROS | B108: LABORES DE PREVENCION O ACOMPAÑAMIENTO EN GESTION DEL RIESGO | D108: 46244 | E108: 1 HORA | F108: CLL 12 # 20-202 APTO 1 | G108: — | H108: HEIDY HINCAPIÉ HENAO – Cel. 3128719472 – Colapso de techo, segundo piso. | J108: 8 | K108: B-3
A109: OTROS | B109: LABORES DE PREVENCION O ACOMPAÑAMIENTO EN GESTION DEL RIESGO | D109: 46244 | E109: 30 MINUTOS | G109: — | H109: FAREN TATIANA HINCAPIÉ – Cel. 3154517082 – Colapso de techo. | J109: 8 | K109: B-3
A110: OTROS | B110: LABORES DE PREVENCION O ACOMPAÑAMIENTO EN GESTION DEL RIESGO | D110: 46244 | E110: 30 MINUTOS | F110: CRA 12 # 11-58 | G110: BELÉN | H110: AMPARO OSPINA OCAMPO – Cel. 32006897815 – Infraestructura debilitada. | J110: 5 | K110: L-2
A111: OTROS | B111: LABORES DE PREVENCION O ACOMPAÑAMIENTO EN GESTION DEL RIESGO | D111: 46244 | E111: 1 HORA | F111: CRA 12 # 12-27 | G111: — | H111: CARLOS ALBERTO TAMAYO – Cel. 3155508915 – Colapso de techo con caída de material/escombros. | J111: 5 | K111: L-2
A112: OTROS | B112: LABORES DE PREVENCION O ACOMPAÑAMIENTO EN GESTION DEL RIESGO | D112: 46244 | E112: 30 MINUTOS | F112: CRA 12 # 12-35 | G112: — | H112: ROSA DORIS OSORIO – Cel. 3148195689 – Colapso de techo. | J112: 5 | K112: L-2
A113: OTROS | B113: LABORES DE PREVENCION O ACOMPAÑAMIENTO EN GESTION DEL RIESGO | D113: 46244 | E113: 30 MINUTOS | F113: CRA 14 # 13-08 | G113: — | H113: Colapso estructural parcial. | J113: 5 | K113: L-2
A114: OTROS | B114: LABORES DE PREVENCION O ACOMPAÑAMIENTO EN GESTION DEL RIESGO | D114: 46244 | E114: 1 HORA | F114: CRA 15 # 12-34 | G114: — | H114: Colapso de fachada y posible colapso de techo. | J114: 5 | K114: L-2
A115: OTROS | B115: LABORES DE PREVENCION O ACOMPAÑAMIENTO EN GESTION DEL RIESGO | D115: 46244 | E115: 1 HORA | F115: CRA 13 # 12-71 ESQUINA | G115: — | H115: Colapso de techo e infraestructura debilitada. | J115: 5 | K115: L-2
A116: OTROS | B116: LABORES DE PREVENCION O ACOMPAÑAMIENTO EN GESTION DEL RIESGO | D116: 46244 | E116: 30 MINUTOS | F116: CRA 12 # 13-31 | G116: — | H116: HUMBERTO MILLÁN AGUIRRE – Cel. 3122091575 – Colapso de techo. | J116: 5 | K116: L-2
A117: OTROS | B117: LABORES DE PREVENCION O ACOMPAÑAMIENTO EN GESTION DEL RIESGO | D117: 46244 | E117: 30 MINUTOS | F117: CRA 10 # 10-70 | G117: — | H117: EMILIO MARLES – Cel. 3044944561 – Infraestructura debilitada. | J117: 5 | K117: L-2
A118: OTROS | B118: LABORES DE PREVENCION O ACOMPAÑAMIENTO EN GESTION DEL RIESGO | D118: 46244 | E118: 30 MINUTOS | F118: CRA 10 CASA 4 | G118: — | H118: FABIAN RAMÍREZ – Cel. 3215144857 – Techo colapsado. | J118: 5 | K118: L-2
A119: OTROS | B119: LABORES DE PREVENCION O ACOMPAÑAMIENTO EN GESTION DEL RIESGO | D119: 46244 | E119: 30 MINUTOS | F119: — | G119: LUCERO BAJO | H119: JOSÉ IVÁN MARULANDA PULGARÍN – Techo e infraestructura. | J119: 5 | K119: L-2
A120: OTROS | B120: LABORES DE PREVENCION O ACOMPAÑAMIENTO EN GESTION DEL RIESGO | D120: 46244 | E120: 30 MINUTOS | F120: — | G120: LUCERO BAJO | H120: CLAUDIA MARCELA MEDINA CORTÉS – Techo e infraestructura. | J120: 5 | K120: L-2
A121: OTROS | B121: LABORES DE PREVENCION O ACOMPAÑAMIENTO EN GESTION DEL RIESGO | D121: 46244 | E121: 30 MINUTOS | F121: CRA 15 # 8A-62 | G121: LA CIUDADELA | H121: MARÍA LUCÍA CHICA – Techo colapsado. | J121: 8 | K121: B-3
... A133: OTROS | B133: LABORES DE PREVENCION O ACOMPAÑAMIENTO EN GESTION DEL RIESGO | D133: 46244 | E133: 30 MINUTOS | F133: CLL 23 #8-90 | G133: SAN PABLO | H133: DOLORES LOPEZ, C.C: 29154646, CEL: 3103290870. DILATACION DE CUBIERTA | J133: 8 | K133: B-3
A134: OTROS | B134: LABORES DE PREVENCION O ACOMPAÑAMIENTO EN GESTION DEL RIESGO | D134: 46244 | E134: 30 MINUTOS | F134: VEREDA LA ISLA | H134: SANDRA MILENA ZAPATA, CEL: 3181135474. PAREDES COLAPSADAS | J134: 8 | K134: B-3
A135: OTROS | B135: LABORES DE PREVENCION O ACOMPAÑAMIENTO EN GESTION DEL RIESGO | D135: 46244 | E135: 30 MINUTOS | F135: TRANSVERSAL 15#23-05 | G135: SAN PEDRO | H135: ELBA NELLY BORJA, C.C. 29613740, CEL: 3225087360. TECHO CON CAIDA DE TEJAS Y PAREDES AGRIETADAS | J135: 8 | K135: B-3
A136: OTROS | B136: LABORES DE PREVENCION O ACOMPAÑAMIENTO EN GESTION DEL RIESGO | D136: 46244 | E136: 30 MINUTOS | F136: TRANSVERSAL 15 #22-98 | G136: SAN PEDRO | H136: MIRIA RAMIREZ POSSO, C.C: 29613170. TECHO CORRIDO Y PAREDES EN BAREQUE AGRIETADAS | J136: 8 | K136: B-3
A137: OTROS | B137: LABORES DE PREVENCION O ACOMPAÑAMIENTO EN GESTION DEL RIESGO | D137: 46244 | E137: 30 MINUTOS | F137: CRA 13 #23-76 | G137: SAN PEDRO | H137: REINELBA POSSO AGUIRRE, C.C: 29612021, CEL: 3125289614. CASA EN BAREQUE CON GRAVES DAÑOS EN EL TECHO Y GRIETAS EN LAS PAREDES. | J137: 8 | K137: B-3
A138: OTROS | B138: LABORES DE PREVENCION O ACOMPAÑAMIENTO EN GESTION DEL RIESGO | D138: 46244 | E138: 20 MINUTOS | F138: CRA 13 # 23-29 | G138: SAN PEDRO | H138: DAÑO EN LA CUBIERTA DEL TECHO Y CAIDA DE TEJA, CON COLAPSO DE PARED DE BAÑO. | J138: 8 | K138: B-3
A139: OTROS | B139: LABORES DE PREVENCION O ACOMPAÑAMIENTO EN GESTION DEL RIESGO | D139: 46244 | E139: 20 MINUTOS | F139: CRA 13 #25-09 | H139: LEONEL POSSO, C.C: 6355029. COLAPSO DE TECHO Y CAIDA DE TEJAS. | J139: 8 | K139: B-3
A140: OTROS | B140: LABORES DE PREVENCION O ACOMPAÑAMIENTO EN GESTION DEL RIESGO | D140: 46244 | E140: 30 MINUTOS | F140: CLL 24 #13-04 | G140: SAN PEDRO | H140: MARLEN CONSTANZA BORJA RANJEL, C.C. 66751589, CEL: 3506603976. DAÑO ESTRUCTURAL DE SEGUNDO PISO Y CAIDA DE TEJAS. | J140: 8 | K140: B-3
A141: OTROS | B141: LABORES DE PREVENCION O ACOMPAÑAMIENTO EN GESTION DEL RIESGO | D141: 46244 | E141: 20 MINUTOS | F141: CLL 22#16-69 | G141: SAN PEDRO | H141: JAIME HERNANDO AGUIRRE, C.C: 6356944, CEL: 3152695297. DAÑO DE TECHO Y GRIETAS EN LAS PAREDES. | J141: 8 | K141: B-3
A142: OTROS | B142: LABORES DE PREVENCION O ACOMPAÑAMIENTO EN GESTION DEL RIESGO | D142: 46244 | E142: 30 MINUTOS | F142: CLL 21# 20-24 | G142: SAN PEDRO | H142: ALBA LUCIA TORO, C.C: 66708360, CEL:3103706801. COLAPSO TOTAL DE TECHO. | J142: 8 | K142: B-3
A143: OTROS | B143: LABORES DE PREVENCION O ACOMPAÑAMIENTO EN GESTION DEL RIESGO | D143: 46244 | E143: 20 MINUTOS | F143: CLL 21# 19-80 | G143: SAN PEDRO | H143: RAMIRO EDILSON TORRES, C.C: 94273858, CEL: 3175066255. CASA DE BAREQUE CON GRIETAS EN PAREDES Y TECHO DIVIDIDO. | J143: 8 | K143: B-3
A144: OTROS | B144: LABORES DE PREVENCION O ACOMPAÑAMIENTO EN GESTION DEL RIESGO | D144: 46244 | E144: 30 MINUTOS | F144: CLL 21#19-65 | G144: SAN PEDRO | H144: NELSON JAVIER BARON, C.C: 93402451, CEL: 3160416202. TECHO HUNDIDO Y PISO CON UNA GRIETA GRANDE. | J144: 8 | K144: B-3
A145: OTROS | B145: LABORES DE PREVENCION O ACOMPAÑAMIENTO EN GESTION DEL RIESGO | D145: 46244 | E145: 20 MINUTOS | F145: CLL 21 #20-27 | G145: SAN PEDRO | H145: JOSE NOLBERTO VINASCO, C.C: 66752439, CEL: 3235052671. INCLINACION DE CULATAS Y HUNDIMIENTO DE TECHO. | J145: 8 | K145: B-3
A146: OTROS | B146: LABORES DE PREVENCION O ACOMPAÑAMIENTO EN GESTION DEL RIESGO | D146: 46244 | E146: 20 MINUTOS | F146: CLL 21#20-49 | G146: SAN PEDRO | H146: ISABEL VELEZ CANO, C.C: 66750268, CEL: 3114390509. DAÑO EN TODO EL TECHO. | J146: 8 | K146: B-3
A147: OTROS | B147: LABORES DE PREVENCION O ACOMPAÑAMIENTO EN GESTION DEL RIESGO | D147: 46244 | E147: 30 MINUTOS | F147: IGLESIA CRISTIANA CENTRO MISIONERO BETHESDA. | G147: LA CRUZ | H147: TECHO COLAPSADO. | J147: 3 | K147: B-2
A148: OTROS | B148: LABORES DE PREVENCION O ACOMPAÑAMIENTO EN GESTION DEL RIESGO | D148: 46244 | E148: 30 MINUTOS | F148: CLL 24#15-42 | G148: SAN PEDRO | H148: EPIFANIO MURIEL, CEL: 3116169881. DAÑO ESTRUCTURAL | J148: 8 | K148: B-3
A149: OTROS | B149: SUMINISTROS DE AGUA | D149: 46246 | E149: 1 hora | F149: zona rosa---- la campesina | H149: suministro de agua en sector de zona rosa y la campesima baja | I149: * | J149: 2 | K149: B-2 | L149: *
A150: OTROS | B150: LABORES DE PREVENCION O ACOMPAÑAMIENTO EN GESTION DEL RIESGO | D150: 46244 | E150: 20 MINUTOS | F150: CLL 21# 20-54 | G150: SAN PEDRO | H150: JOSE ALDEMAR POSSO, C.C: 2582426, CEL: 3105067474. TECHO CON CAIDA DE TEJA Y GRIETAS EN LAS PAREDES. | J150: 8 | K150: B-3
A151: OTROS | B151: LABORES DE PREVENCION O ACOMPAÑAMIENTO EN GESTION DEL RIESGO | D151: 46244 | E151: 30 minutos | F151: CALLE 14 #18-35 / CALLE 14 #17-69 | G151: LA CRUZ | H151: YENNER ORTIZ (INQUILINO). PAREDES AGRIETADAS Y TECHO COLAPSADO. | J151: 3 | K151: B-2
A152: OTROS | B152: LABORES DE PREVENCION O ACOMPAÑAMIENTO EN GESTION DEL RIESGO | D152: 46244 | E152: 30 MINUTOS | F152: CLL 24 # 16-48 | G152: SAN PEDRO | H152: ALBA INES GORDILLO RAMIREZ, COLAPSO DE TECHO | J152: 8 | K152: B-3
A153: OTROS | B153: LABORES DE PREVENCION O ACOMPAÑAMIENTO EN GESTION DEL RIESGO | D153: 46244 | E153: 20 MINUTOS | F153: CALLE 14 #17-31 | G153: LA CRUZ | H153: CESAR RIVERA (INQUILINO). TECHO DE LA COCINA COLAPSADO. | J153: 3 | K153: B-2
A154: OTROS | B154: LABORES DE PREVENCION O ACOMPAÑAMIENTO EN GESTION DEL RIESGO | D154: 46244 | E154: 20 MINUTOS | F154: CALLE 14 #16-39 (PANADERIA JJ) | G154: LA CRUZ | H154: ANIBAL GOMEZ. COLAPSO DEL TECHO Y ESTRUCTURA AFECTADA. | J154: 3 | K154: B-2
A155: INCENDIOS | B155: CAÍDA DE CUERDAS | D155: 46245 | E155: 45 MNTOS | F155: CRA 13 CALLE 13 ESQUINA | G155: BELEN | H155: INCENDIO EN CABLE DE LLA ENERGIA, EL CUAL SE REVIENTA DEBIDO A FUERTE SISMO EN HORAS DE LA MAÑANA | I155: 100 MTS | J155: 6 | K155: B-2, L-2 | L155: *
A156: MATERIALES PELIGROSOS | B156: FUGA DE GAS NATURAL | D156: 46246 | E156: 45 MNTOS | F156: CALLE 12 CRA 14 | G156: BELEN | H156: FUGA DE GAS NATURAL EN UNA VIVIENDA DEL SECTOR,EN LA PARTE DEL MEDIDOR, RESULTANDO UNA PERSONA AFECTADA POR EL OLOR, LA CUAL FUE TRANSLADADA AL HOSPITAL LOCAL | I156: 20 MT | J156: 2 | K156: B-4 | L156: *
A157: OTROS | B157: LABORES DE PREVENCION O ACOMPAÑAMIENTO EN GESTION DEL RIESGO | D157: 46244 | E157: 20 MINUTOS | F157: CLL 24#16-45 | H157: LUZ ALBA ARCOS VILLEGAS, C.C: 31096724, CEL: 3113359748-3203345235. DAÑOS EN LA CUBIERTA DEL TECHO | J157: 8 | K157: B-3
A158: OTROS | B158: LABORES DE PREVENCION O ACOMPAÑAMIENTO EN GESTION DEL RIESGO | D158: 46244 | E158: 15 MINUTOS | F158: CLL 24#16-68 | G158: SAN PEDRO | H158: OLIVO VINASCO, C.C: 31398474, CEL: 3177009304. DAÑOS ESTRUCTURALES | J158: 8 | K158: B-3
A159: OTROS | B159: LABORES DE PREVENCION O ACOMPAÑAMIENTO EN GESTION DEL RIESGO | D159: 46244 | E159: 20 MINUTOS | F159: CRA 17#24-39 | G159: LA MILAGROSA | H159: ELVIA DE JESUS RUIZ URIBE, C.C: 24544322, CEL: 3226248470. COLAPSO DE PARED Y TECHO DE ZINC | J159: 8 | K159: B-3
A160: OTROS | B160: LABORES DE PREVENCION O ACOMPAÑAMIENTO EN GESTION DEL RIESGO | D160: 46244 | E160: 30 MINUTOS | F160: CRA 17#24-27 | G160: LA MILAGROSA | H160: EVELIA ALZATE, C.C: 29611623, CEL: 312653781. COLAPSO DE TECHO | J160: 8 | K160: B-3
A161: OTROS | B161: LABORES DE PREVENCION O ACOMPAÑAMIENTO EN GESTION DEL RIESGO | D161: 46244 | E161: 10 MINUTOS | F161: CRA 17#24-51 | G161: LA MILAGROSA | H161: HOOVER ERNEY FLOREZ VELEZ, C.C: 6359158, CEL:3172170567. COLAPSO DE TECHO | J161: 8 | K161: B-3
A162: OTROS | B162: LABORES DE PREVENCION O ACOMPAÑAMIENTO EN GESTION DEL RIESGO | D162: 46244 | E162: 50 MINUTOS | F162: CRA 17# 24-51 | G162: LA MILAGROSA | H162: ABEL BERMUDEZ, C.C: 2382561, CEL: 3104194072. COLAPSO DE TECHO Y PARED EN LADRILLO | J162: 8 | K162: B-3
A163: OTROS | B163: LABORES DE PREVENCION O ACOMPAÑAMIENTO EN GESTION DEL RIESGO | D163: 46244 | E163: 20 MINUTOS | F163: LA MILAGROSA | H163: ANA ADIELA HURTADO, C.C: 29613256, CEL: 3137808732. PARED POR COLAPSAR | J163: 8 | K163: B-3
A164: OTROS | B164: LABORES DE PREVENCION O ACOMPAÑAMIENTO EN GESTION DEL RIESGO | D164: 46244 | E164: 15 MINUTOS | F164: CLL 26#11-298 | G164: SAN MIGUEL | H164: CARMEN ROSA ECGEVRRY SUAZA, C.C: 29613638, CEL: 3113037675. CASA EN BAREQUE TOTALMENTE COLAPSADA | J164: 8 | K164: B-3
A165: OTROS | B165: LABORES DE PREVENCION O ACOMPAÑAMIENTO EN GESTION DEL RIESGO | D165: 46244 | E165: 30 MINUTOS | F165: CLL26#11-3-92 | G165: SAN MIGUEL | H165: CARLOS ALBERTO ECHEVERRY, C.C: 94276150, CEL: 3127431433. COLAPSO DE TECHO Y PARED EN LADRILLO | J165: 8 | K165: B-3
A166: OTROS | B166: LABORES DE PREVENCION O ACOMPAÑAMIENTO EN GESTION DEL RIESGO | D166: 46244 | E166: 20 MINUTOS | F166: SAN MIGUEL | H166: CELMIRA ECHEVERRY SUAZA, CEL: 3225980286. CASA EN BAREQUE CON GRIETAS EN PAREDES Y COLAPSO DE TECHO | J166: 8 | K166: B-3
A167: OTROS | B167: LABORES DE PREVENCION O ACOMPAÑAMIENTO EN GESTION DEL RIESGO | D167: 46244 | E167: 30 MINUTOS | F167: CLL26#10A-91 | G167: SAN MIGUEL | H167: ELIZABETH SANTO SERNA, C.C: 25085963, CEL: 3124055956. COLAPSO TOTAL DE CASA EN LADRILLO | J167: 8 | K167: B-3
A168: OTROS | B168: LABORES DE PREVENCION O ACOMPAÑAMIENTO EN GESTION DEL RIESGO | D168: 46244 | E168: 15 MINUTOS | F168: MANZANA C CASA 13 | G168: URBANIZACION LOS VIÑEDOS | H168: DIANA ALEJANDRA DUQUE RESTREPO, C.C: 1112623130, CEL: 3226043689. VIGAS DE SEGUNDO PISO CON GRIETAS | J168: 8 | K168: B-3
A169: OTROS | B169: LABORES DE PREVENCION O ACOMPAÑAMIENTO EN GESTION DEL RIESGO | D169: 46244 | E169: 15 MINUTOS | F169: MANZANA D CASA 3 | G169: URBANIZACION LOS ALFREDOS GRAJALES | H169: FRANCISCO QUICENO, C.C: 1112629438, CEL: 3186599478. CASA DE TRES PISOS CON DAÑOS ESTRUCTURALES | J169: 8 | K169: B-3
A170: OTROS | B170: LABORES DE PREVENCION O ACOMPAÑAMIENTO EN GESTION DEL RIESGO | D170: 46244 | E170: 30 min | F170: calle 15#18-25 | G170: LA CRUZ | H170: COLAPSO PARCIAL / JENNY PATRICIA GARCIA / 304 6797331 | I170: NO | J170: 4 | K170: B-4 | L170: NO
A171: OTROS | B171: LABORES DE PREVENCION O ACOMPAÑAMIENTO EN GESTION DEL RIESGO | D171: 46244 | E171: 30 MINUTOS | F171: MANZANA C CASA 28 | G171: LA PRIMAVERA | H171: FABIAN POSSO, ESTRUCTURA DEBILITADA | J171: 5 | K171: L-2
A172: OTROS | B172: LABORES DE PREVENCION O ACOMPAÑAMIENTO EN GESTION DEL RIESGO | D172: 46244 | E172: 30 MIN | F172: CALLE 17#18a -27 | G172: CRUZ | H172: AGRIETAMIENTO DE PAREDES/ ALEXANDER GARCIA/ 3104068551 | I172: NO | J172: 4 | K172: B-4 | L172: NO
A173: OTROS | B173: LABORES DE PREVENCION O ACOMPAÑAMIENTO EN GESTION DEL RIESGO | D173: 46245 | E173: 15 MINUTOS | F173: FINCA LA MARIA | G173: EL LUCERO | H173: VIVIANA ZULUAGA, ESTRUCTURA COLAPSADA | J173: 5 | K173: L-2
A174: OTROS | B174: LABORES DE PREVENCION O ACOMPAÑAMIENTO EN GESTION DEL RIESGO | D174: 46244 | E174: 30 MIN | G174: CRUZ | H174: AGRIETAMIENTO DE PAREDES / GEORGELIS DURAN /3207026142 | I174: NO | J174: 4 | K174: B-4 | L174: NO
A175: OTROS | B175: LABORES DE PREVENCION O ACOMPAÑAMIENTO EN GESTION DEL RIESGO | D175: 46245 | E175: 15 MINUTOS | F175: ESCUELA ERMILA ZALASAR | G175: EL LUCERO | H175: CARMEN YAMILET RAMIREZ, ESTRUCTURA COLAPSADA | J175: 5 | K175: L-2
A176: OTROS | B176: LABORES DE PREVENCION O ACOMPAÑAMIENTO EN GESTION DEL RIESGO | D176: 46245 | E176: 20 MINUTOS | F176: CLL 4#10-79 | H176: DANIEL HUMBERTO, POSSO, TECHO COLAPSADO | J176: 5 | K176: L-2
A177: OTROS | B177: LABORES DE PREVENCION O ACOMPAÑAMIENTO EN GESTION DEL RIESGO | D177: 46245 | E177: 20 MINUTOS | F177: LUCERO ALTO | H177: EIDER ALONSO MILLAN, CEL: 3106010702. DAÑO ESTRUCTURAL | J177: 5 | K177: L-2
A178: OTROS | B178: LABORES DE PREVENCION O ACOMPAÑAMIENTO EN GESTION DEL RIESGO | D178: 46245 | E178: 30 MIN | F178: CALLE 17 # 15 -24 | G178: SAN PEDRO | H178: CAIDA DE TECHO COMPLETO/ LUZ AYDE MILLAN / 3162950123 | I178: NO | J178: 4 | K178: B-3 | L178: NO
A179: OTROS | B179: LABORES DE PREVENCION O ACOMPAÑAMIENTO EN GESTION DEL RIESGO | D179: 46245 | E179: 15 MINUTOS | F179: CRA 8 a # 13 a -14 | H179: CONSUELO NAVARRETE, CEL: 3011563617. TECHO COLAPSADO | J179: 8 | K179: L-2
A180: OTROS | B180: LABORES DE PREVENCION O ACOMPAÑAMIENTO EN GESTION DEL RIESGO | D180: 46245 | E180: 30 MIN | F180: CARRERA 16 CALLE 18 PANADERIA EXQUISITA | G180: EL POPULAR | H180: INFRAESTRUCTURA DEBILITADA | I180: NO | J180: 4 | K180: B-3 | L180: NO
A181: OTROS | B181: LABORES DE PREVENCION O ACOMPAÑAMIENTO EN GESTION DEL RIESGO | D181: 46245 | E181: 30 MINUTOS | F181: CRA 13 a #18 b 21 | H181: PERSONA LESIONADA: EIMI YAJAIRA VELASQUEZ, CEL: 3102573253. ESTRUCTURA DEBILITADA. | J181: 5 | K181: L-2
A182: OTROS | B182: LABORES DE PREVENCION O ACOMPAÑAMIENTO EN GESTION DEL RIESGO | D182: 46245 | E182: 15 MINUTOS | F182: CRA 19#9-89 | H182: JOSE ELIEL GALLEGO, ESTRUCTURA COLAPSADA, 42 APARTAMENTOS. | J182: 5 | K182: L-2
A183: OTROS | B183: LABORES DE PREVENCION O ACOMPAÑAMIENTO EN GESTION DEL RIESGO | D183: 46245 | E183: 30 MIN | F183: CALLE 13 #11-40 | G183: EL CARMEN | H183: COLAPSO DE TECHO Y PAREDES/ INES MONAR/ 3157235862 | I183: NO | J183: 4 | K183: B-2 | L183: NO
A184: OTROS | B184: LABORES DE PREVENCION O ACOMPAÑAMIENTO EN GESTION DEL RIESGO | D184: 46245 | E184: 30 MINUTOS | F184: CRA 11 # 9-75 | H184: PAOLA ANDREA MARTINEZ, CEL: 3168793824. | J184: 4 | K184: L-1
A185: OTROS | B185: LABORES DE PREVENCION O ACOMPAÑAMIENTO EN GESTION DEL RIESGO | D185: 46245 | E185: 30 MIN | F185: CALLE 18 #11-52 | G185: SAN PEDRO | H185: AGRIETAMIENTO DE PAREDES/ YOLIMA GIRALDO/3136363406 | I185: NO | J185: 8 | K185: B-3 | L185: NO
A186: OTROS | B186: LABORES DE PREVENCION O ACOMPAÑAMIENTO EN GESTION DEL RIESGO | D186: 46245 | E186: 30 MINUTOS | F186: CRA 11# 8 a 34 | H186: JAVIER ZULETA, CEL: 3106438617. TECHO DILATADO | J186: 4 | K186: L-1
...
